code,categories
Barcode,
3665361011477,"Cine y Televisión,Funko Pop > Harry Potter,Cine y Televisión > Harry Potter"
5010993511099,"Juegos de mesa,Juegos de mesa,Juegos de mesa > Clásicos"
8425402271438,Juegos de mesa
8436564811479,Juegos de mesa
8436017226577,Juegos de mesa
8410446623091,Juegos de mesa
8436589620605,Juegos de mesa
5010993706693,Juegos de mesa
8436017221817,Juegos de mesa
8436017225570,Juegos de mesa
8436017220124,Juegos de mesa
8436017220520,
8436017228175,Juegos de mesa
8436017227062,Juegos de mesa
8436017228588,Juegos de mesa
8436017223644,Juegos de mesa
8436017220285,Juegos de mesa
8436017221275,Juegos de mesa
8436017226546,Juegos de mesa
3760146640382,Juegos de mesa
8436017223071,Juegos de mesa
8436017222920,Juegos de mesa
3296580851881,"Fabricantes / Marcas > Banpresto,Manga y Anime,Manga y Anime,Manga y Anime > One Piece,Manga y Anime > One Piece,Manga y Anime > One Piece > Figuras"
0699788832097,Superhéroes > DC
4983164397659,"Fabricantes / Marcas > Banpresto,Manga y Anime,Manga y Anime > Dr. Slump - Arale > Figuras,Manga y Anime > Dragon Ball > Figuras,Manga y Anime > Fullmetal Alchemist > Figuras,Manga y Anime > JOJO'S BIZARRE ADVENTURE > Figuras,Manga y Anime > My Hero Academia > Figuras,Manga y Anime > Naruto,Manga y Anime > Naruto > Figuras,Manga y Anime > Naruto > Figuras,Manga y Anime > One Piece > Figuras"
3296580805471,"Fabricantes / Marcas > Banpresto,Manga y Anime,Manga y Anime > Dr. Slump - Arale > Figuras,Manga y Anime > Dragon Ball > Figuras,Manga y Anime > Fullmetal Alchemist > Figuras,Manga y Anime > JOJO'S BIZARRE ADVENTURE > Figuras,Manga y Anime > My Hero Academia > Figuras,Manga y Anime > Naruto,Manga y Anime > Naruto > Figuras,Manga y Anime > Naruto > Figuras,Manga y Anime > One Piece > Figuras"
3512612528567671,"Fabricantes / Marcas > Banpresto,Manga y Anime,Manga y Anime > Dr. Slump - Arale > Figuras,Manga y Anime > Dragon Ball > Figuras,Manga y Anime > Fullmetal Alchemist > Figuras,Manga y Anime > JOJO'S BIZARRE ADVENTURE > Figuras,Manga y Anime > My Hero Academia > Figuras,Manga y Anime > Naruto,Manga y Anime > Naruto > Figuras,Manga y Anime > Naruto > Figuras,Manga y Anime > One Piece > Figuras"
4983164199444,"Fabricantes / Marcas > Banpresto,Manga y Anime,Manga y Anime > Dr. Slump - Arale > Figuras,Manga y Anime > Dragon Ball > Figuras,Manga y Anime > Fullmetal Alchemist > Figuras,Manga y Anime > JOJO'S BIZARRE ADVENTURE > Figuras,Manga y Anime > My Hero Academia,Manga y Anime > My Hero Academia > Figuras,Manga y Anime > My Hero Academia > Figuras,Manga y Anime > Naruto > Figuras,Manga y Anime > One Piece > Figuras"
3296580826735,"Fabricantes / Marcas > Banpresto,Manga y Anime,Manga y Anime > My Hero Academia,Manga y Anime > My Hero Academia > Figuras"
3296580854554,"Manga y Anime,Manga y Anime > Dragon Ball,Manga y Anime > Dragon Ball > Figuras"
4983164399431,"Fabricantes / Marcas > Banpresto,Manga y Anime,Manga y Anime > Dragon Ball,Manga y Anime > Dragon Ball > Figuras"
4983164399448,"Fabricantes / Marcas > Banpresto,Manga y Anime,Manga y Anime > Dragon Ball,Manga y Anime > Dragon Ball > Figuras"
4983164399479,"Fabricantes / Marcas > Banpresto,Manga y Anime,Manga y Anime > Dragon Ball,Manga y Anime > Dragon Ball > Figuras"
4983164396508,"Manga y Anime,Manga y Anime > Dragon Ball,Manga y Anime > Dragon Ball > Figuras"
3296580259847,"Fabricantes / Marcas > Banpresto,Manga y Anime,Manga y Anime > Dragon Ball,Manga y Anime > Dragon Ball > Figuras"
3296580851935,"Manga y Anime,Manga y Anime > Dragon Ball,Manga y Anime > Dragon Ball > Figuras"
3296580851904,
3296580851959,"Manga y Anime,Manga y Anime > Dragon Ball,Manga y Anime > Dragon Ball > Figuras"
3296580851966,"Manga y Anime,Manga y Anime > Dragon Ball,Manga y Anime > Dragon Ball > Figuras"
3296580851898,
3296580851911,
3296580851928,"Manga y Anime,Manga y Anime > Dragon Ball,Manga y Anime > Dragon Ball > Figuras"
4573102587657,"Manga y Anime,Manga y Anime > Dragon Ball,Manga y Anime > Dragon Ball > Figuras"
4573102579089,"Manga y Anime,Manga y Anime > Dragon Ball,Manga y Anime > Dragon Ball > Figuras"
4573102579102,"Manga y Anime,Manga y Anime > Dragon Ball,Manga y Anime > Dragon Ball > Figuras"
3296580261888,"Fabricantes / Marcas > Banpresto,Manga y Anime,Manga y Anime,Manga y Anime > Dr. Slump - Arale > Figuras,Manga y Anime > Dragon Ball > Figuras,Manga y Anime > Fullmetal Alchemist > Figuras,Manga y Anime > JOJO'S BIZARRE ADVENTURE > Figuras,Manga y Anime > One Piece,Manga y Anime > One Piece,Manga y Anime > My Hero Academia > Figuras,Manga y Anime > Naruto > Figuras,Manga y Anime > One Piece > Figuras,Manga y Anime > One Piece > Figuras"
3296580269013,"Fabricantes / Marcas > Banpresto,Manga y Anime,Manga y Anime > Dr. Slump - Arale > Figuras,Manga y Anime > Dragon Ball > Figuras,Manga y Anime > Fullmetal Alchemist > Figuras,Manga y Anime > JOJO'S BIZARRE ADVENTURE > Figuras,Manga y Anime > One Piece,Manga y Anime > My Hero Academia > Figuras,Manga y Anime > Naruto > Figuras,Manga y Anime > One Piece > Figuras,Manga y Anime > One Piece > Figuras"
4573102581518,"Manga y Anime,Manga y Anime > One Piece,Manga y Anime > One Piece > Figuras"
3296580852048,"Manga y Anime,Manga y Anime,Manga y Anime > Dr. Slump - Arale > Figuras,Manga y Anime > Dragon Ball > Figuras,Manga y Anime > Fullmetal Alchemist > Figuras,Manga y Anime > JOJO'S BIZARRE ADVENTURE > Figuras,Manga y Anime > One Piece,Manga y Anime > One Piece,Manga y Anime > My Hero Academia > Figuras,Manga y Anime > Naruto > Figuras,Manga y Anime > One Piece > Figuras,Manga y Anime > One Piece > Figuras"
4573102591845,"Manga y Anime,Manga y Anime,Manga y Anime > Dr. Slump - Arale > Figuras,Manga y Anime > Dragon Ball > Figuras,Fabricantes / Marcas > Tamashii Natios > Figuarts Zero,Manga y Anime > Fullmetal Alchemist > Figuras,Manga y Anime > JOJO'S BIZARRE ADVENTURE > Figuras,Manga y Anime > One Piece,Manga y Anime > One Piece,Manga y Anime > My Hero Academia > Figuras,Manga y Anime > Naruto > Figuras,Manga y Anime > One Piece > Figuras,Manga y Anime > One Piece > Figuras,Fabricantes / Marcas > Tamashii Nations"
0699788834039,"Superhéroes > DC,Fabricantes / Marcas > Diamond Select Toys - Gallery,Manga y Anime > Dr. Slump - Arale > Figuras,Manga y Anime > Dragon Ball > Figuras,Manga y Anime > Fullmetal Alchemist > Figuras,Manga y Anime > JOJO'S BIZARRE ADVENTURE > Figuras,Manga y Anime > My Hero Academia > Figuras,Manga y Anime > Naruto > Figuras,Manga y Anime > One Piece > Figuras"
0761941257488,"Superhéroes > DC,Superhéroes"
4934054092840,"Superhéroes > Marvel,Superhéroes"
0699788211397,
0699788212011,
0699788212202,
0699788832950,"Superhéroes > Marvel,Superhéroes"
0699788212554,Superhéroes > Marvel
0699788839300,Superhéroes > Marvel
5010993579235,"Superhéroes > Marvel,Superhéroes > Marvel,Superhéroes"
5010993579228,"Superhéroes > Marvel,Superhéroes > Marvel,Superhéroes"
5010993594771,Superhéroes > Marvel
5010993594757,Superhéroes > Marvel
5010993594764,Superhéroes > Marvel
0634482420461,"Manga y Anime > Dr. Slump - Arale > Figuras,Manga y Anime > Dragon Ball > Figuras,Manga y Anime > Fullmetal Alchemist > Figuras,Manga y Anime > JOJO'S BIZARRE ADVENTURE > Figuras,Manga y Anime > My Hero Academia > Figuras,Manga y Anime > Naruto > Figuras,Fabricantes / Marcas > Neca,Manga y Anime > One Piece > Figuras"
4573102576729,"Manga y Anime,Manga y Anime > Dr. Slump - Arale > Figuras,Manga y Anime > Dragon Ball,Manga y Anime > Dragon Ball > Figuras,Manga y Anime > Dragon Ball > Figuras,Manga y Anime > Fullmetal Alchemist > Figuras,Manga y Anime > JOJO'S BIZARRE ADVENTURE > Figuras,Manga y Anime > My Hero Academia > Figuras,Manga y Anime > Naruto > Figuras,Manga y Anime > One Piece > Figuras,Fabricantes / Marcas > Tamashii Natios > SH Figuarts,Fabricantes / Marcas > Tamashii Nations"
4549660143406,"Videojuegos,Manga y Anime,Manga y Anime > Dr. Slump - Arale > Figuras,Manga y Anime > Dragon Ball,Manga y Anime > Dragon Ball > Figuras,Manga y Anime > Dragon Ball > Figuras,Manga y Anime > Fullmetal Alchemist > Figuras,Manga y Anime > JOJO'S BIZARRE ADVENTURE > Figuras,Manga y Anime > My Hero Academia > Figuras,Manga y Anime > Naruto > Figuras,Manga y Anime > One Piece > Figuras,Fabricantes / Marcas > Tamashii Natios > SH Figuarts,Fabricantes / Marcas > Tamashii Nations"
4573102587602,"Manga y Anime > Dr. Slump - Arale > Figuras,Manga y Anime > Dragon Ball > Figuras,Manga y Anime > Fullmetal Alchemist > Figuras,Manga y Anime > JOJO'S BIZARRE ADVENTURE > Figuras,Manga y Anime > My Hero Academia > Figuras,Manga y Anime > Naruto > Figuras,Manga y Anime > One Piece > Figuras,Fabricantes / Marcas > Tamashii Natios > SH Figuarts"
4573102576286,"Manga y Anime,Manga y Anime > Dragon Ball,Manga y Anime > Dragon Ball > Figuras,Fabricantes / Marcas > Tamashii Nations"
4573102556790,"Manga y Anime > Dr. Slump - Arale > Figuras,Manga y Anime > Dragon Ball > Figuras,Manga y Anime > Fullmetal Alchemist > Figuras,Manga y Anime > JOJO'S BIZARRE ADVENTURE > Figuras,Manga y Anime > My Hero Academia > Figuras,Manga y Anime > Naruto > Figuras,Manga y Anime > One Piece > Figuras,Fabricantes / Marcas > Tamashii Natios > SH Figuarts,Fabricantes / Marcas > Tamashii Nations"
4573102576620,"Manga y Anime > Dr. Slump - Arale > Figuras,Manga y Anime > Dragon Ball > Figuras,Manga y Anime > Fullmetal Alchemist > Figuras,Manga y Anime > JOJO'S BIZARRE ADVENTURE > Figuras,Manga y Anime > My Hero Academia > Figuras,Manga y Anime > Naruto > Figuras,Manga y Anime > One Piece > Figuras,Fabricantes / Marcas > Tamashii Natios > SH Figuarts,Fabricantes / Marcas > Tamashii Nations"
4573102556530,"Manga y Anime > Dr. Slump - Arale > Figuras,Manga y Anime > Dragon Ball > Figuras,Manga y Anime > Fullmetal Alchemist > Figuras,Manga y Anime > JOJO'S BIZARRE ADVENTURE > Figuras,Manga y Anime > My Hero Academia > Figuras,Manga y Anime > Naruto > Figuras,Manga y Anime > One Piece > Figuras,Fabricantes / Marcas > Tamashii Natios > SH Figuarts,Fabricantes / Marcas > Tamashii Nations"
4573102570475,"Manga y Anime,Manga y Anime > Dr. Slump - Arale > Figuras,Manga y Anime > Dragon Ball > Figuras,Fabricantes / Marcas > Tamashii Natios > Figuarts mini,Manga y Anime > Fullmetal Alchemist > Figuras,Manga y Anime > JOJO'S BIZARRE ADVENTURE > Figuras,Manga y Anime > My Hero Academia > Figuras,Manga y Anime > Naruto > Figuras,Manga y Anime > One Piece > Figuras,Manga y Anime > The Kotobuki Squadron in the Wilderness,Fabricantes / Marcas > Tamashii Nations"
4549660112037,"Manga y Anime > Dr. Slump - Arale > Figuras,Manga y Anime > Dragon Ball > Figuras,Manga y Anime > Fullmetal Alchemist > Figuras,Manga y Anime > JOJO'S BIZARRE ADVENTURE > Figuras,Manga y Anime > My Hero Academia > Figuras,Manga y Anime > Naruto > Figuras,Manga y Anime > One Piece > Figuras"
4549660161394,"Manga y Anime > Dr. Slump - Arale > Figuras,Manga y Anime > Dragon Ball > Figuras,Manga y Anime > Fullmetal Alchemist > Figuras,Manga y Anime > JOJO'S BIZARRE ADVENTURE > Figuras,Manga y Anime > My Hero Academia > Figuras,Manga y Anime > Naruto > Figuras,Manga y Anime > One Piece > Figuras,Fabricantes / Marcas > Tamashii Natios > SH Figuarts,Fabricantes / Marcas > Tamashii Nations"
4573102587411,"Manga y Anime > Dr. Slump - Arale > Figuras,Manga y Anime > Dragon Ball > Figuras,Manga y Anime > Fullmetal Alchemist > Figuras,Manga y Anime > JOJO'S BIZARRE ADVENTURE > Figuras,Manga y Anime > My Hero Academia > Figuras,Manga y Anime > Naruto > Figuras,Manga y Anime > One Piece > Figuras,Fabricantes / Marcas > Tamashii Nations"
4580122819804,"Manga y Anime > Dr. Slump - Arale > Figuras,Manga y Anime > Dragon Ball > Figuras,Manga y Anime > Fullmetal Alchemist > Figuras,Fabricantes / Marcas > Good Smile,Manga y Anime > JOJO'S BIZARRE ADVENTURE > Figuras,Manga y Anime > My Hero Academia > Figuras,Manga y Anime > Naruto > Figuras,Manga y Anime > One Piece > Figuras"
4573488976984,"Manga y Anime,Manga y Anime > Dr. Slump - Arale > Figuras,Manga y Anime > Dragon Ball > Figuras,Manga y Anime > Fullmetal Alchemist > Figuras,Fabricantes / Marcas > Good Smile,Manga y Anime > JOJO'S BIZARRE ADVENTURE,Manga y Anime > JOJO'S BIZARRE ADVENTURE > Figuras,Manga y Anime > JOJO'S BIZARRE ADVENTURE > Figuras,Manga y Anime > My Hero Academia > Figuras,Manga y Anime > Naruto > Figuras,Manga y Anime > One Piece > Figuras"
4005556268573,"Cine y Televisión > Disney,Funko Pop > Disney,Juegos de mesa"
8436017228694,Juegos de mesa
8436017220100,Juegos de mesa
8436564811486,
8436017225204,
8436017226737,
0748252980618,Juegos de mesa
4002558391155,Juegos de mesa
5010993788088,
5060520580968,"Cine y Televisión,Manga y Anime > Dr. Slump - Arale > Figuras,Manga y Anime > Dragon Ball > Figuras,Manga y Anime > Fullmetal Alchemist > Figuras,Cine y Televisión > Harry Potter,Manga y Anime > JOJO'S BIZARRE ADVENTURE > Figuras,Manga y Anime > My Hero Academia > Figuras,Manga y Anime > Naruto > Figuras,Manga y Anime > One Piece > Figuras"
4006333062797,"Cine y Televisión,Funko Pop > Harry Potter,Cine y Televisión > Harry Potter"
0849421005399,"Cine y Televisión,Funko Pop > Harry Potter,Cine y Televisión > Harry Potter"
0849421006716,"Cine y Televisión,Manga y Anime > Dr. Slump - Arale > Figuras,Manga y Anime > Dragon Ball > Figuras,Manga y Anime > Fullmetal Alchemist > Figuras,Funko Pop > Harry Potter,Cine y Televisión > Harry Potter,Manga y Anime > JOJO'S BIZARRE ADVENTURE > Figuras,Manga y Anime > My Hero Academia > Figuras,Manga y Anime > Naruto > Figuras,Manga y Anime > One Piece > Figuras"
0849421004859,"Cine y Televisión,Manga y Anime,Manga y Anime > Dr. Slump - Arale > Figuras,Manga y Anime > Dragon Ball > Figuras,Manga y Anime > Fullmetal Alchemist > Figuras,Funko Pop > Harry Potter,Cine y Televisión > Harry Potter,Manga y Anime > JOJO'S BIZARRE ADVENTURE > Figuras,Manga y Anime > One Piece,Manga y Anime > My Hero Academia > Figuras,Manga y Anime > Naruto > Figuras,Manga y Anime > One Piece > Figuras"
0849421004842,"Cine y Televisión,Funko Pop > Harry Potter,Cine y Televisión > Harry Potter"
0849421004491,"Cine y Televisión,Funko Pop > Harry Potter,Cine y Televisión > Harry Potter"
0889698434782,"Cine y Televisión,Manga y Anime > Dr. Slump - Arale > Figuras,Manga y Anime > Dragon Ball > Figuras,Manga y Anime > Fullmetal Alchemist > Figuras,Funko Pop > Harry Potter,Cine y Televisión > Harry Potter,Manga y Anime > JOJO'S BIZARRE ADVENTURE > Figuras,Juegos de mesa,Manga y Anime > My Hero Academia > Figuras,Manga y Anime > Naruto > Figuras,Manga y Anime > One Piece > Figuras"
0889698434980,"Cine y Televisión,Manga y Anime > Dr. Slump - Arale > Figuras,Manga y Anime > Dragon Ball > Figuras,Manga y Anime > Fullmetal Alchemist > Figuras,Funko Pop > Harry Potter,Cine y Televisión > Harry Potter,Manga y Anime > JOJO'S BIZARRE ADVENTURE > Figuras,Manga y Anime > My Hero Academia > Figuras,Manga y Anime > Naruto > Figuras,Manga y Anime > One Piece > Figuras"
0812095022627,"Cine y Televisión,Manga y Anime > Dr. Slump - Arale > Figuras,Manga y Anime > Dragon Ball > Figuras,Manga y Anime > Fullmetal Alchemist > Figuras,Funko Pop > Harry Potter,Cine y Televisión > Harry Potter,Manga y Anime > JOJO'S BIZARRE ADVENTURE > Figuras,Manga y Anime > My Hero Academia > Figuras,Manga y Anime > Naruto > Figuras,Manga y Anime > One Piece > Figuras"
4934054901319,"Funko Pop > Star Wars,Cine y Televisión > Star Wars"
0787926130751,"Cine y Televisión,Manga y Anime > Dr. Slump - Arale > Figuras,Manga y Anime > Dragon Ball > Figuras,Manga y Anime > Fullmetal Alchemist > Figuras,Manga y Anime > JOJO'S BIZARRE ADVENTURE > Figuras,Manga y Anime > My Hero Academia > Figuras,Manga y Anime > Naruto > Figuras,Manga y Anime > One Piece > Figuras,Cine y Televisión > Stranger Things"
5010993387236,"Manga y Anime > Dr. Slump - Arale > Figuras,Manga y Anime > Dragon Ball > Figuras,Manga y Anime > Fullmetal Alchemist > Figuras,Funko Pop > Star Wars,Manga y Anime > JOJO'S BIZARRE ADVENTURE > Figuras,Manga y Anime > My Hero Academia > Figuras,Manga y Anime > Naruto > Figuras,Manga y Anime > One Piece > Figuras,Cine y Televisión > Star Wars"
0787926151237,"Superhéroes > DC,Manga y Anime > Dr. Slump - Arale > Figuras,Manga y Anime > Dragon Ball > Figuras,Manga y Anime > Fullmetal Alchemist > Figuras,Manga y Anime > JOJO'S BIZARRE ADVENTURE > Figuras,Manga y Anime > My Hero Academia > Figuras,Manga y Anime > Naruto > Figuras,Manga y Anime > One Piece > Figuras,Superhéroes"
